Forest Size, Forest depth, Accuracy, F1_macro, F1_micro, AUC ROC, 
1, 3, 0.7551275637818909,0.7393033426161395,0.7551275637818909,0.7547595190380761, 
