Forest Size, Forest depth, Accuracy, F1_macro, F1_micro, AUC ROC, 
25, 5, 0.9973944762897342,0.991366889341383,0.9973944762897342,0, 
