Forest Size, Forest Depth, Patterns Threshold, Edges Threshold, Test Accuracy, Accuracy drop, F1 Macro drop, ROC AUC drop, Patterns Count,Compression, Training Time, Pruning Time,
25,5,1,0.9,0.829,-0.006000000000000005,-0.007000000000000006,-0.007000000000000006,174,1.79,0:00:01.780641,0:00:05.014321
,
25,5,2,0.9,0.821,-0.008000000000000007,-0.010000000000000009,-0.010000000000000009,59,1.8,0:00:00.486380,0:00:01.198244
,
25,10,1,0.8,0.822,-0.006000000000000005,-0.007000000000000006,-0.007000000000000006,380,3.03,0:00:06.399517,0:00:23.114265
,
25,10,2,0.8,0.822,-0.007000000000000006,-0.008000000000000007,-0.009000000000000008,350,2.31,0:00:05.378294,0:00:17.647825
,
25,15,1,0.8,0.822,-0.007000000000000006,-0.007000000000000006,-0.0050000000000000044,392,3.36,0:00:06.132790,0:00:24.101367
,
25,15,2,0.8,0.822,-0.010000000000000009,-0.010000000000000009,-0.009000000000000008,391,2.7,0:00:05.634098,0:00:23.079701
,
50,5,1,0.9,0.829,-0.009000000000000008,-0.010999999999999899,-0.009000000000000008,270,1.82,0:00:03.561103,0:00:10.017130
,
50,5,2,0.9,0.827,-0.009000000000000008,-0.010000000000000009,-0.009000000000000008,123,1.68,0:00:01.307724,0:00:02.756923
,
50,10,1,0.8,0.822,-0.0050000000000000044,-0.0050000000000000044,-0.0040000000000000036,392,3.46,0:00:05.613661,0:00:24.423438
,
50,10,2,0.8,0.822,-0.008000000000000007,-0.009000000000000008,-0.009000000000000008,387,2.79,0:00:06.318835,0:00:22.222679
,
50,15,1,0.8,0.822,-0.0030000000000000027,-0.0020000000000000018,-0.0010000000000000009,392,3.7,0:00:05.947566,0:00:24.984760
,
50,15,2,0.8,0.822,-0.0050000000000000044,-0.0050000000000000044,-0.0040000000000000036,392,3.23,0:00:05.963550,0:00:24.019605
,
100,5,1,0.9,0.83,-0.0040000000000000036,-0.0050000000000000044,-0.0050000000000000044,369,1.84,0:00:05.208117,0:00:19.254616
,
100,5,2,0.85,0.822,-0.013000000000000012,-0.015000000000000013,-0.015000000000000013,175,2.0,0:00:01.642407,0:00:05.234424
,
100,10,1,0.8,0.822,-0.0040000000000000036,-0.0030000000000000027,-0.0020000000000000018,392,3.92,0:00:05.933526,0:00:25.480198
,
100,10,2,0.8,0.822,-0.006000000000000005,-0.006000000000000005,-0.0050000000000000044,392,3.38,0:00:05.969589,0:00:24.178982
,
100,15,1,0.8,0.822,-0.0050000000000000044,-0.0050000000000000044,-0.0040000000000000036,392,4.1,0:00:06.436208,0:00:26.032439
,
100,15,2,0.8,0.822,-0.0050000000000000044,-0.0040000000000000036,-0.0030000000000000027,392,3.61,0:00:06.399264,0:00:24.682065
,
