Forest Size, Forest Depth, Patterns Threshold, Edges Threshold, Test Accuracy, Accuracy drop, F1 Macro drop, ROC AUC drop, Patterns Count,Compression, Training Time, Pruning Time,
25,5,1,0.8,0.816,-0.019000000000000017,-0.02200000000000002,-0.02100000000000002,123,2.54,0:00:01.262445,0:00:03.468513
,
25,5,2,0.9,0.821,-0.008000000000000007,-0.010000000000000009,-0.010000000000000009,59,1.8,0:00:00.486380,0:00:01.198244
,
25,10,1,0.7,0.81,-0.017999999999999905,-0.02100000000000002,-0.020000000000000018,239,4.83,0:00:03.400104,0:00:14.170515
,
25,10,2,0.7,0.811,-0.017999999999999905,-0.020000000000000018,-0.020000000000000018,222,3.65,0:00:03.106951,0:00:10.242090
,
25,15,1,0.7,0.809,-0.019999999999999907,-0.02200000000000002,-0.020000000000000018,244,5.38,0:00:03.664853,0:00:14.856256
,
25,15,2,0.8,0.822,-0.010000000000000009,-0.010000000000000009,-0.009000000000000008,391,2.7,0:00:05.634098,0:00:23.079701
,
50,5,1,0.85,0.82,-0.018000000000000016,-0.020999999999999908,-0.019000000000000017,226,2.17,0:00:02.701364,0:00:08.411865
,
50,5,2,0.85,0.818,-0.018000000000000016,-0.019000000000000017,-0.017000000000000015,105,1.96,0:00:00.906741,0:00:02.312770
,
50,10,1,0.7,0.809,-0.017999999999999905,-0.020000000000000018,-0.018000000000000016,244,5.56,0:00:03.828156,0:00:15.624724
,
50,10,2,0.8,0.822,-0.008000000000000007,-0.009000000000000008,-0.009000000000000008,387,2.79,0:00:06.318835,0:00:22.222679
,
50,15,1,0.7,0.809,-0.015999999999999903,-0.018000000000000016,-0.016000000000000014,244,5.95,0:00:03.518304,0:00:15.340425
,
50,15,2,0.7,0.809,-0.017999999999999905,-0.02100000000000002,-0.019000000000000017,244,5.18,0:00:03.544388,0:00:14.276522
,
100,5,1,0.8,0.824,-0.010000000000000009,-0.01200000000000001,-0.01200000000000001,249,2.72,0:00:02.980590,0:00:10.135120
,
100,5,2,0.85,0.822,-0.013000000000000012,-0.015000000000000013,-0.015000000000000013,175,2.0,0:00:01.642407,0:00:05.234424
,
100,10,1,0.7,0.809,-0.016999999999999904,-0.019000000000000017,-0.017000000000000015,244,6.33,0:00:03.660901,0:00:15.874910
,
100,10,2,0.7,0.809,-0.018999999999999906,-0.02200000000000002,-0.020000000000000018,244,5.43,0:00:03.642475,0:00:14.948680
,
100,15,1,0.7,0.809,-0.017999999999999905,-0.02100000000000002,-0.019000000000000017,244,6.58,0:00:03.664804,0:00:16.342277
,
100,15,2,0.7,0.809,-0.017999999999999905,-0.020000000000000018,-0.018000000000000016,244,5.81,0:00:03.682389,0:00:15.246090
,
