Forest Size, Forest Depth, Patterns Threshold, Edges Threshold, Test Accuracy, Accuracy drop, F1 Macro drop, ROC AUC drop, Patterns Count,Compression, Training Time, Pruning Time,
25,5,1,0.7,0.799,-0.03599999999999992,-0.039000000000000035,-0.03600000000000003,81,3.85,0:00:00.762783,0:00:02.505460
,
25,5,2,0.7,0.783,-0.04599999999999993,-0.04500000000000004,-0.03700000000000003,35,3.03,0:00:00.271073,0:00:00.724966
,
25,10,1,0.7,0.81,-0.017999999999999905,-0.02100000000000002,-0.020000000000000018,239,4.83,0:00:03.400104,0:00:14.170515
,
25,10,2,0.7,0.811,-0.017999999999999905,-0.020000000000000018,-0.020000000000000018,222,3.65,0:00:03.106951,0:00:10.242090
,
25,15,1,0.8,0.822,-0.007000000000000006,-0.007000000000000006,-0.0050000000000000044,392,3.36,0:00:06.132790,0:00:24.101367
,
25,15,2,0.7,0.809,-0.02299999999999991,-0.026000000000000023,-0.02400000000000002,244,4.33,0:00:03.685224,0:00:12.859904
,
50,5,1,0.7,0.801,-0.03699999999999992,-0.040999999999999925,-0.03700000000000003,118,4.17,0:00:01.189906,0:00:04.595672
,
50,5,2,0.7,0.798,-0.03799999999999992,-0.040000000000000036,-0.03600000000000003,62,3.32,0:00:00.558022,0:00:01.601283
,
50,10,1,0.8,0.822,-0.0050000000000000044,-0.0050000000000000044,-0.0040000000000000036,392,3.46,0:00:05.613661,0:00:24.423438
,
50,10,2,0.7,0.809,-0.020999999999999908,-0.02400000000000002,-0.02400000000000002,241,4.48,0:00:03.621692,0:00:12.795885
,
50,15,1,0.8,0.822,-0.0030000000000000027,-0.0020000000000000018,-0.0010000000000000009,392,3.7,0:00:05.947566,0:00:24.984760
,
50,15,2,0.8,0.822,-0.0050000000000000044,-0.0050000000000000044,-0.0040000000000000036,392,3.23,0:00:05.963550,0:00:24.019605
,
100,5,1,0.7,0.808,-0.025999999999999912,-0.029000000000000026,-0.028000000000000025,165,4.12,0:00:01.887654,0:00:07.056829
,
100,5,2,0.7,0.797,-0.03799999999999992,-0.04200000000000004,-0.039000000000000035,105,3.34,0:00:01.010450,0:00:03.204322
,
100,10,1,0.8,0.822,-0.0040000000000000036,-0.0030000000000000027,-0.0020000000000000018,392,3.92,0:00:05.933526,0:00:25.480198
,
100,10,2,0.8,0.822,-0.006000000000000005,-0.006000000000000005,-0.0050000000000000044,392,3.38,0:00:05.969589,0:00:24.178982
,
100,15,1,0.8,0.822,-0.0050000000000000044,-0.0050000000000000044,-0.0040000000000000036,392,4.1,0:00:06.436208,0:00:26.032439
,
100,15,2,0.8,0.822,-0.0050000000000000044,-0.0040000000000000036,-0.0030000000000000027,392,3.61,0:00:06.399264,0:00:24.682065
,
