Forest Size, Forest Depth, Patterns Threshold, Edges Threshold, Test Accuracy, Accuracy drop, F1 Macro drop, ROC AUC drop, Patterns Count,Compression, Training Time, Pruning Time,
25,5,1,0.7,0.799,-0.03599999999999992,-0.039000000000000035,-0.03600000000000003,81,3.85,0:00:00.762783,0:00:02.505460
,
25,5,2,0.7,0.783,-0.04599999999999993,-0.04500000000000004,-0.03700000000000003,35,3.03,0:00:00.271073,0:00:00.724966
,
25,10,1,0.8,0.822,-0.006000000000000005,-0.007000000000000006,-0.007000000000000006,380,3.03,0:00:06.399517,0:00:23.114265
,
25,10,2,0.7,0.811,-0.017999999999999905,-0.020000000000000018,-0.020000000000000018,222,3.65,0:00:03.106951,0:00:10.242090
,
25,15,1,0.8,0.822,-0.007000000000000006,-0.007000000000000006,-0.0050000000000000044,392,3.36,0:00:06.132790,0:00:24.101367
,
25,15,2,0.8,0.822,-0.010000000000000009,-0.010000000000000009,-0.009000000000000008,391,2.7,0:00:05.634098,0:00:23.079701
,
50,5,1,0.8,0.818,-0.020000000000000018,-0.02299999999999991,-0.02100000000000002,181,2.71,0:00:01.951844,0:00:06.453144
,
50,5,2,0.7,0.798,-0.03799999999999992,-0.040000000000000036,-0.03600000000000003,62,3.32,0:00:00.558022,0:00:01.601283
,
50,10,1,0.8,0.822,-0.0050000000000000044,-0.0050000000000000044,-0.0040000000000000036,392,3.46,0:00:05.613661,0:00:24.423438
,
50,10,2,0.8,0.822,-0.008000000000000007,-0.009000000000000008,-0.009000000000000008,387,2.79,0:00:06.318835,0:00:22.222679
,
50,15,1,0.8,0.822,-0.0030000000000000027,-0.0020000000000000018,-0.0010000000000000009,392,3.7,0:00:05.947566,0:00:24.984760
,
50,15,2,0.8,0.822,-0.0050000000000000044,-0.0050000000000000044,-0.0040000000000000036,392,3.23,0:00:05.963550,0:00:24.019605
,
100,5,1,0.8,0.824,-0.010000000000000009,-0.01200000000000001,-0.01200000000000001,249,2.72,0:00:02.980590,0:00:10.135120
,
100,5,2,0.7,0.797,-0.03799999999999992,-0.04200000000000004,-0.039000000000000035,105,3.34,0:00:01.010450,0:00:03.204322
,
100,10,1,0.8,0.822,-0.0040000000000000036,-0.0030000000000000027,-0.0020000000000000018,392,3.92,0:00:05.933526,0:00:25.480198
,
100,10,2,0.8,0.822,-0.006000000000000005,-0.006000000000000005,-0.0050000000000000044,392,3.38,0:00:05.969589,0:00:24.178982
,
100,15,1,0.85,0.822,-0.0050000000000000044,-0.0050000000000000044,-0.0030000000000000027,495,3.25,0:00:07.405933,0:00:35.365052
,
100,15,2,0.8,0.822,-0.0050000000000000044,-0.0040000000000000036,-0.0030000000000000027,392,3.61,0:00:06.399264,0:00:24.682065
,
